<?xml version="1.0" encoding="UTF-8"?>
<project-private xmlns="http://www.netbeans.org/ns/project-private/1">
    <editor-bookmarks xmlns="http://www.netbeans.org/ns/editor-bookmarks/2" lastBookmarkId="0"/>
    <open-files xmlns="http://www.netbeans.org/ns/projectui-open-files/2">
        <group>
            <file>file:/C:/Users/gracia/Documents/NetBeansProjects/Proj_gestion_facture/src/org/ifri/nathalie/modele/Facture.java</file>
            <file>file:/C:/Users/gracia/Documents/NetBeansProjects/Proj_gestion_facture/src/org/ifri/nathalie/DAO/DaoEntity.java</file>
            <file>file:/C:/Users/gracia/Documents/NetBeansProjects/Proj_gestion_facture/src/org/ifri/nathalie/view/DateTimeFormtter.java</file>
            <file>file:/C:/Users/gracia/Documents/NetBeansProjects/Proj_gestion_facture/src/org/ifri/nathalie/modele/Facturer.java</file>
            <file>file:/C:/Users/gracia/Documents/NetBeansProjects/Proj_gestion_facture/src/org/ifri/nathalie/view/Fenetre_produit.java</file>
            <file>file:/C:/Users/gracia/Documents/NetBeansProjects/Proj_gestion_facture/src/org/ifri/nathalie/modele/Produit.java</file>
            <file>file:/C:/Users/gracia/Documents/NetBeansProjects/Proj_gestion_facture/src/org/ifri/nathalie/view/LocalDate.java</file>
            <file>file:/C:/Users/gracia/Documents/NetBeansProjects/Proj_gestion_facture/src/org/ifri/nathalie/modele/Client.java</file>
            <file>file:/C:/Users/gracia/Documents/NetBeansProjects/Proj_gestion_facture/src/org/ifri/nathalie/view/DatetimeFormtter_1.java</file>
            <file>file:/C:/Users/gracia/Documents/NetBeansProjects/Proj_gestion_facture/src/org/ifri/nathalie/view/fenetre_Facture.java</file>
            <file>file:/C:/Users/gracia/Documents/NetBeansProjects/Proj_gestion_facture/src/META-INF/persistence.xml</file>
            <file>file:/C:/Users/gracia/Documents/NetBeansProjects/Proj_gestion_facture/src/org/ifri/nathalie/view/fenetre.java</file>
        </group>
    </open-files>
</project-private>
